X,频率
0,0.0024169067296582517
0.007071067811865475,9.263653172936058
0.01414213562373095,18.526935809286293
0.021213203435596427,27.789478310465352
0.0282842712474619,37.05091023964334
0.035355339059327376,46.31086093471652
0.042426406871192854,55.56895936297664
0.049497474683058325,64.82483401465349
0.0565685424949238,74.07811280988979
0.06363961030678927,83.32842299568092
0.07071067811865475,92.5753910606766
0.07778174593052023,101.81864263518794
0.08485281374238571,111.05780239501553
0.09192388155425119,120.29249396740512
0.09899494936611665,129.52233984351818
0.10606601717798213,138.7469612771318
0.1131370849898476,147.9659781960803
0.12020815280171308,157.17900910864594
0.12727922061357855,166.38567100979614
0.13435028842544403,175.58557929483786
0.1414213562373095,184.7783476624118
0.14849242404917498,193.96358802823147
0.15556349186104046,203.1409104341507
0.16263455967290594,212.30992296037124
0.16970562748477142,221.47023163581682
0.1767766952966369,230.62144035367083
0.18384776310850237,239.76315078456224
0.19091883092036782,248.89496229062357
0.1979898987322333,258.01647184289266
0.20506096654409878,267.1272739384946
0.21213203435596426,276.22696051974594
0.21920310216782973,285.3151208939587
0.2262741699796952,294.3913416555646
0.2333452377915607,303.4552066097175
0.24041630560342617,312.50629669582645
0.24748737341529164,321.5441899173552
0.2545584412271571,330.56846126857823
0.2616295090390226,339.5786826650889
0.26870057685088805,348.57442287959293
0.27577164466275356,357.55524747514306
0.282842712474619,366.5207187441781
0.2899137802864845,375.47039564971
0.29698484809834996,384.4038337678546
0.3040559159102154,393.32058523533976
0.3111269837220809,402.2201986989381
0.31819805153394637,411.1022192684991
0.3252691193458119,419.96618847392705
0.3323401871576773,428.81164422475723
0.33941125496954283,437.6381207753884
0.3464823227814083,446.4451486938164
0.3535533905932738,455.2322548324056
0.36062445840513924,463.9989623074112
0.36769552621700474,472.7447904808455
0.3747665940288702,481.46925494581967
0.38183766184073564,490.17186752194374
0.38890872965260115,498.8521362511809
0.3959797974644666,507.50956540182364
0.4030508652763321,516.1436554798054
0.41012193308819755,524.7539032438267
0.41719300090006306,533.3398017279145
0.4242640687119285,541.9008402718017
0.431335136523794,550.4365045573743
0.43840620433565947,558.946276652209
0.44547727214752497,567.4296350633077
0.4525483399593904,575.8860547949723
0.4596194077712559,584.315007418331
0.4666904755831214,592.7159611476675
0.47376154339498683,601.0883809255884
0.48083261120685233,609.431728518822
0.4879036790187178,617.7454626220172
0.4949747468305833,626.0290389714066
0.5020458146424488,634.2819104688597
0.5091168824543142,642.5035273162887
0.5161879502661797,650.6933371603425
0.5232590180780452,658.8507852471402
0.5303300858899106,666.9753145904435
0.5374011537017761,675.0663661471175
0.5444722215136416,683.1233790084932
0.5515432893255071,691.1457905996176
0.5586143571373725,699.1330368925329
0.565685424949238,707.0845526307515
0.5727564927611035,714.9997715660476
0.579827560572969,722.8781267074875
0.5868986283848344,730.719050582073
0.5939696961966999,738.5219755091844
0.6010407640085654,746.2863338866753
0.6081118318204308,754.0115584877994
0.6151828996322963,761.6970827741069
0.6222539674441618,769.3423412167612
0.6293250352560273,776.9467696326723
0.6363961030678927,784.5098055308865
0.6434671708797582,792.0308884724953
0.6505382386916237,799.5094604404611
0.6576093065034893,806.944966221974
0.6646803743153546,814.3368538007068
0.6717514421272202,821.6845747599194
0.6788225099390857,828.9875846965082
0.6858935777509511,836.2453436438544
0.6929646455628166,843.45731650354
0.7000357133746821,850.6229734855774
0.7071067811865476,857.7417905582281
0.714177848998413,864.8132499021089
0.7212489168102785,871.8368403723072
0.728319984622144,878.8120579669423
0.7353910524340095,885.7384062982096
0.7424621202458749,892.6153970690268
0.7495331880577404,899.4425505519732
0.7566042558696059,906.2193960694739
0.7636753236814713,912.9454724767204
0.7707463914933368,919.6203286417614
0.7778174593052023,926.2435239263143
0.7848885271170678,932.8146286624077
0.7919595949289332,939.3332246274746
0.7990306627407987,945.7989055118561
0.8061017305526642,952.2112773821055
0.8131727983645297,958.5699591360922
0.8202438661763951,964.87458294957
0.8273149339882606,971.1247947128692
0.8343860018001261,977.3202544556041
0.8414570696119915,983.4606367609078
0.848528137423857,989.5456311635068
0.8555992052357225,995.5749425338339
0.862670273047588,1001.5482914468587
0.8697413408594534,1007.4654145321141
0.8768124086713189,1013.3260648062757
0.8838834764831844,1019.1300119855249
0.8909545442950499,1024.877042776907
0.8980256121069153,1030.5669611501803
0.9050966799187808,1036.1995885840402
0.9121677477306463,1041.7747642912489
0.9192388155425117,1047.2923454186673
0.9263098833543773,1052.7522072220722
0.9333809511662428,1058.1542432166832
0.9404520189781083,1063.4983652998296
0.9475230867899737,1068.7845038484832
0.9545941546018392,1074.0126077891316
0.9616652224137047,1079.1826446408575
0.9687362902255702,1084.2946005303697
0.9758073580374356,1089.3484801806912
0.9828784258493011,1094.3443068719062
0.9899494936611666,1099.2821223732653
0.997020561473032,1104.1619868510572
1.0040916292848976,1108.9839787467774
1.0111626970967629,1113.7481946307985
1.0182337649086284,1118.4547490286832
1.0253048327204939,1123.103774224355
1.0323759005323594,1127.6954200357736
1.039446968344225,1132.2298535688383
1.0465180361560904,1136.7072589472739
1.053589103967956,1141.1278370204823
1.0606601717798212,1145.4918050502022
1.0677312395916867,1149.799396376404
1.0748023074035522,1154.0508600649218
1.0818733752154177,1158.2464605366363
1.0889444430272832,1162.386477178525
1.0960155108391487,1166.4712039414694
1.1030865786510142,1170.5009489210706
1.1101576464628797,1174.4760339268373
1.117228714274745,1178.3967940382317
1.1242997820866105,1182.2635771512198
1.131370849898476,1186.0767435144369
1.1384419177103415,1189.8366652569114
1.145512985522207,1193.5437259098383
1.1525840533340725,1197.1983199218687
1.159655121145938,1200.8008521702648
1.1667261889578033,1204.3517374686576
1.1737972567696688,1207.8514000728587
1.1808683245815343,1211.30027318552
1.1879393923933999,1214.6987984612933
1.1950104602052654,1218.0474255125976
1.2020815280171309,1221.3466114184134
1.2091525958289964,1224.5968202362872
1.2162236636408617,1227.798522517558
1.2232947314527272,1230.9521948282063
1.2303657992645927,1234.0583192767954
1.2374368670764582,1237.1173830469327
1.2445079348883237,1240.1298779381304
1.2515790027001892,1243.096299916007
1.2586500705120547,1246.0171486687286
1.2657211383239202,1248.892927174689
1.2727922061357855,1251.724141279183
1.279863273947651,1254.5112992814563
1.2869343417595165,1257.2549115325426
1.294005409571382,1259.9554900435326
1.3010764773832475,1262.6135481068225
1.308147545195113,1265.2295999266626
1.3152186130069785,1267.804160263412
1.3222896808188438,1270.3377440889053
1.3293607486307093,1272.8308662540587
1.3364318164425748,1275.284041169374
1.3435028842544403,1277.6977824965688
1.3505739520663058,1280.072602853516
1.3576450198781713,1282.4090135310312
1.3647160876900368,1284.7075242219757
1.3717871555019021,1286.968642762602
1.3788582233137676,1289.1928748859366
1.3859292911256331,1291.380723987013
1.3930003589374986,1293.5326909000376
1.4000714267493641,1295.6492736870703
1.4071424945612296,1297.7309674381174
1.4142135623730951,1299.7782640825226
0,1956.9021446935512
0.007071067811865475,1956.9127972987067
0.01414213562373095,1956.9447580508102
0.021213203435596427,1956.9980357610632
0.0282842712474619,1957.072645114797
0.035355339059327376,1957.1686066775478
0.042426406871192854,1957.2859468950212
0.049497474683058325,1957.4246980971407
0.0565685424949238,1957.5848985074376
0.06363961030678927,1957.7665922444999
0.07071067811865475,1957.9698293319836
0.07778174593052023,1958.1946656956195
0.08485281374238571,1958.4411632231684
0.09192388155425119,1958.7093896716476
0.09899494936611665,1958.9994187791658
0.10606601717798213,1959.311330226441
0.1131370849898476,1959.6452096596706
0.12020815280171308,1960.0011486995625
0.12727922061357855,1960.3792449583063
0.13435028842544403,1960.7796020513313
0.1414213562373095,1961.2023296121579
0.14849242404917498,1961.6475433067078
0.15556349186104046,1962.1153648490078
0.16263455967290594,1962.6059220162922
0.16970562748477142,1963.1193486646905
0.1767766952966369,1963.6557847453296
0.18384776310850237,1964.21537632038
0.19091883092036782,1964.7982755785472
0.1979898987322333,1965.4046408516526
0.20506096654409878,1966.0346366300319
0.21213203435596426,1966.688433578016
0.21920310216782973,1967.3662085493565
0.2262741699796952,1968.0681446014203
0.2333452377915607,1968.7944310095559
0.24041630560342617,1969.5452632801837
0.24748737341529164,1970.3208431635655
0.2545584412271571,1971.1213786647338
0.2616295090390226,1971.947084054258
0.26870057685088805,1972.7981798771839
0.27577164466275356,1973.6748929605426
0.282842712474619,1974.577456419557
0.2899137802864845,1975.5061096616762
0.29698484809834996,1976.4610983891523
0.3040559159102154,1977.4426745992357
0.3111269837220809,1978.4510965819288
0.31819805153394637,1979.4866289155545
0.3252691193458119,1980.5495424597145
0.3323401871576773,1981.640114344382
0.33941125496954283,1982.7586279578998
0.3464823227814083,1983.9053729290688
0.3535533905932738,1985.0806451076598
0.36062445840513924,1986.284746540436
0.36769552621700474,1987.5179854428834
0.3747665940288702,1988.7806761670015
0.38183766184073564,1990.0731391643033
0.38890872965260115,1991.3957009442772
0.3959797974644666,1992.748694027455
0.4030508652763321,1994.1324568932314
0.41012193308819755,1995.5473339223506
0.41719300090006306,1996.9936753327868
0.4242640687119285,1998.4718371102106
0.431335136523794,1999.9821809310897
0.43840620433565947,2001.5250740798976
0.44547727214752497,2003.1008893587507
0.4525483399593904,2004.7100049893836
0.4596194077712559,2006.3528045078301
0.4666904755831214,2008.0296766512893
0.47376154339498683,2009.7410152359346
0.48083261120685233,2011.487219027047
0.4879036790187178,2013.2686915995116
0.4949747468305833,2015.0858411893873
0.5020458146424488,2016.939080536257
0.5091168824543142,2018.8288267154928
0.5161879502661797,2020.7555009605544
0.5232590180780452,2022.7195284750162
0.5303300858899106,2024.721338234315
0.5374011537017761,2026.7613627763244
0.5444722215136416,2028.8400379810817
0.5515432893255071,2030.9578028396775
0.5586143571373725,2033.1150992108842
0.565685424949238,2035.3123715672812
0.5727564927611035,2037.5500667289261
0.579827560572969,2039.8286335853497
0.5868986283848344,2042.1485228061192
0.5939696961966999,2044.510186538353
0.6010407640085654,2046.9140780935104
0.6081118318204308,2049.36065162127
0.6151828996322963,2051.85036177152
0.6222539674441618,2054.3836633448
0.6293250352560273,2056.961010930468
0.6363961030678927,2059.58285853365
0.6434671708797582,2062.2496591903273
0.6505382386916237,2064.9618645711726
0.6576093065034893,2067.7199245746715
0.6646803743153546,2070.5242869098806
0.6717514421272202,2073.3753966678123
0.6788225099390857,2076.2736958839323
0.6858935777509511,2079.219623091995
0.6929646455628166,2082.2136128665793
0.7000357133746821,2085.256095360191
0.7071067811865476,2088.3474958311
0.714177848998413,2091.4882341643456
0.7212489168102785,2094.6787243877466
0.728319984622144,2097.9193741813165
0.7353910524340095,2101.2105843826857
0.7424621202458749,2104.5527484879867
0.7495331880577404,2107.9462521524697
0.7566042558696059,2111.3914726865523
0.7636753236814713,2114.8887785527186
0.7707463914933368,2118.4385288631383
0.7778174593052023,2122.0410728785937
0.7848885271170678,2125.696749508158
0.7919595949289332,2129.405886816078
0.7990306627407987,2133.168801532656
0.8061017305526642,2136.985798567573
0.8131727983645297,2140.8571705385552
0.8202438661763951,2144.783197299955
0.8273149339882606,2148.7641454896057
0.8343860018001261,2152.800268081771
0.8414570696119915,2156.891803952702
0.848528137423857,2161.0389774614696
0.8555992052357225,2165.241998050553
0.862670273047588,2169.501059852505
0.8697413408594534,2173.816341320234
0.8768124086713189,2178.188004879033
0.8838834764831844,2182.6161965889187
0.8909545442950499,2187.101045838482
0.8980256121069153,2191.642665050053
0.9050966799187808,2196.2411494167445
0.9121677477306463,2200.896576655583
0.9192388155425117,2205.6090067907335
0.9263098833543773,2210.3784819547245
0.9333809511662428,2215.205026226531
0.9404520189781083,2220.0886454788983
0.9475230867899737,2225.029327271145
0.9545941546018392,2230.027040754695
0.9616652224137047,2235.0817366134283
0.9687362902255702,2240.1933470261165
0.9758073580374356,2245.3617856614937
0.9828784258493011,2250.5869476962243
0.9899494936611666,2255.868709864011
0.997020561473032,2261.2069305317405
1.0040916292848976,2266.6014497910955
1.0111626970967629,2272.0520896012886
1.0182337649086284,2277.5586539286724
1.0253048327204939,2283.120928933491
1.0323759005323594,2288.7386831693443
1.039446968344225,2294.411667811401
1.0465180361560904,2300.139616906774
1.053589103967956,2305.9222476458635
1.0606601717798212,2311.759260658124
1.0677312395916867,2317.6503403218503
1.0748023074035522,2323.5951550988343
1.0818733752154177,2329.5933578863037
1.0889444430272832,2335.6445863825465
1.0960155108391487,2341.7484634698544
1.1030865786510142,2347.904597612995
1.1101576464628797,2354.112583268838
1.117228714274745,2360.3720013089464
1.1242997820866105,2366.682419454312
1.131370849898476,2373.0433927135823
1.1384419177103415,2379.454463835962
1.145512985522207,2385.9151637699056
1.1525840533340725,2392.4250121222008
1.159655121145938,2398.9835176276897
1.1667261889578033,2405.5901786169707
1.1737972567696688,2412.2444834894704
1.1808683245815343,2418.9459111859055
1.1879393923933999,2425.693931659388
1.1950104602052654,2432.4880063475466
1.2020815280171309,2439.327588639621
1.2091525958289964,2446.2121243414676
1.2162236636408617,2453.1410521350886
1.2232947314527272,2460.1138040347123
1.2303657992645927,2467.1298058344464
1.2374368670764582,2474.1884775502094
1.2445079348883237,2481.2892338542547
1.2515790027001892,2488.4314844994615
1.2586500705120547,2495.6146347377166
1.2657211383239202,2502.8380857250013
1.2727922061357855,2510.101234919813
1.279863273947651,2517.4034764680623
1.2869343417595165,2524.744201579625
1.294005409571382,2532.1227988908418
1.3010764773832475,2539.5386548170995
1.308147545195113,2546.991153892851
1.3152186130069785,2554.479679099691
1.3222896808188438,2562.0036121815256
1.3293607486307093,2569.562333946931
1.3364318164425748,2577.155224560209
1.3435028842544403,2584.78166381798
1.3505739520663058,2592.441031414423
1.3576450198781713,2600.1327071926
1.3647160876900368,2607.8560713840025
1.3717871555019021,2615.6105048347194
1.3788582233137676,2623.395389219347
1.3859292911256331,2631.2101072431356
1.3930003589374986,2639.054042829411
1.4000714267493641,2646.92658129822
1.4071424945612296,2654.827109530601
1.4142135623730951,2662.755016121272
0,3984.3964982978114
0.007071067811865475,3984.3965739840655
0.01414213562373095,3984.396798260288
0.021213203435596427,3984.3971628094514
0.0282842712474619,3984.3976538391707
0.035355339059327376,3984.3982521903827
0.042426406871192854,3984.3989335021365
0.049497474683058325,3984.399668421635
0.0565685424949238,3984.400422877317
0.06363961030678927,3984.401158424039
0.07071067811865475,3984.401832636228
0.07778174593052023,3984.402399611262
0.08485281374238571,3984.4028105055804
0.09192388155425119,3984.403014144954
0.09899494936611665,3984.402957737325
0.10606601717798213,3984.402587568755
0.1131370849898476,3984.4018497808393
0.12020815280171308,3984.4006911275424
0.12727922061357855,3984.3990597379925
0.13435028842544403,3984.3969058256025
0.1414213562373095,3984.394182340465
0.14849242404917498,3984.390845532257
0.15556349186104046,3984.3868554091036
0.16263455967290594,3984.382176080888
0.16970562748477142,3984.3767759771736
0.1767766952966369,3984.370627943517
0.18384776310850237,3984.363709222929
0.19091883092036782,3984.356001334927
0.1979898987322333,3984.347489865805
0.20506096654409878,3984.338164190272
0.21213203435596426,3984.3280171478696
0.21920310216782973,3984.317044680962
0.2262741699796952,3984.3052454653343
0.2333452377915607,3984.2926205361146
0.24041630560342617,3984.2791729279525
0.24748737341529164,3984.264907333561
0.2545584412271571,3984.2498297905154
0.2616295090390226,3984.23394739742
0.26870057685088805,3984.2172680612284
0.27577164466275356,3984.1998002796345
0.282842712474619,3984.181552949098
0.2899137802864845,3984.1625352079386
0.29698484809834996,3984.142756302039
0.3040559159102154,3984.1222254764475
0.3111269837220809,3984.1009518878304
0.31819805153394637,3984.0789445345717
0.3252691193458119,3984.0562122040105
0.3323401871576773,3984.032763432751
0.33941125496954283,3984.008606477808
0.3464823227814083,3983.983749297081
0.3535533905932738,3983.9581995385715
0.36062445840513924,3983.931964535279
0.36769552621700474,3983.905051303199
0.3747665940288702,3983.8774665464866
0.38183766184073564,3983.849216663715
0.38890872965260115,3983.820307755909
0.3959797974644666,3983.790745637176
0.4030508652763321,3983.7605358475157
0.41012193308819755,3983.7296836632777
0.41719300090006306,3983.698194111452
0.4242640687119285,3983.666071981866
0.431335136523794,3983.6333218406976
0.43840620433565947,3983.599948043147
0.44547727214752497,3983.5659547451196
0.4525483399593904,3983.531345917181
0.4596194077712559,3983.496125354691
0.4666904755831214,3983.4602966892135
0.47376154339498683,3983.4238634003163
0.48083261120685233,3983.386828825344
0.4879036790187178,3983.3491961684435
0.4949747468305833,3983.3109685104764
0.5020458146424488,3983.2721488182196
0.5091168824543142,3983.2327399513674
0.5161879502661797,3983.192744671049
0.5232590180780452,3983.1521656475643
0.5303300858899106,3983.1110054666347
0.5374011537017761,3983.069266635405
0.5444722215136416,3983.026951590098
0.5515432893255071,3982.9840627004437
0.5586143571373725,3982.940602275261
0.565685424949238,3982.8965725682124
0.5727564927611035,3982.8519757817253
0.579827560572969,3982.8068140717114
0.5868986283848344,3982.7610895521034
0.5939696961966999,3982.7148042987264
0.6010407640085654,3982.667960351974
0.6081118318204308,3982.620559722822
0.6151828996322963,3982.572604392552
0.6222539674441618,3982.524096319229
0.6293250352560273,3982.4750374381647
0.6363961030678927,3982.4254296667204
0.6434671708797582,3982.3752749047358
0.6505382386916237,3982.324575038857
0.6576093065034893,3982.2733319435856
0.6646803743153546,3982.221547484983
0.6717514421272202,3982.1692235206215
0.6788225099390857,3982.1163619027493
0.6858935777509511,3982.0629644808096
0.6929646455628166,3982.0090331022475
0.7000357133746821,3981.9545696138725
0.7071067811865476,3981.8995758649085
0.714177848998413,3981.8440537067318
0.7212489168102785,3981.7880049957225
0.728319984622144,3981.731431593701
0.7353910524340095,3981.674335370494
0.7424621202458749,3981.6167182037034
0.7495331880577404,3981.5585819803737
0.7566042558696059,3981.4999285986914
0.7636753236814713,3981.440759968985
0.7707463914933368,3981.381078014092
0.7778174593052023,3981.3208846712296
0.7848885271170678,3981.260181892227
0.7919595949289332,3981.1989716445637
0.7990306627407987,3981.137255913147
0.8061017305526642,3981.07503670077
0.8131727983645297,3981.012316027047
0.8202438661763951,3980.949095933869
0.8273149339882606,3980.8853784798584
0.8343860018001261,3980.8211657470024
0.8414570696119915,3980.7564598378335
0.848528137423857,3980.691262877589
0.8555992052357225,3980.6255770145035
0.862670273047588,3980.559404420485
0.8697413408594534,3980.4927472925447
0.8768124086713189,3980.4256078497765
0.8838834764831844,3980.3579883413304
0.8909545442950499,3980.289891038994
0.8980256121069153,3980.221318244069
0.9050966799187808,3980.1522722821887
0.9121677477306463,3980.082755510193
0.9192388155425117,3980.012770310791
0.9263098833543773,3979.9423190986113
0.9333809511662428,3979.8714043140694
0.9404520189781083,3979.800028430654
0.9475230867899737,3979.728193951972
0.9545941546018392,3979.6559034125453
0.9616652224137047,3979.5831593778244
0.9687362902255702,3979.5099644464312
0.9758073580374356,3979.4363212485255
0.9828784258493011,3979.3622324461207
0.9899494936611666,3979.2877007391453
0.997020561473032,3979.2127288560314
1.0040916292848976,3979.1373195635597
1.0111626970967629,3979.061475661072
1.0182337649086284,3978.985199982967
1.0253048327204939,3978.90849540113
1.0323759005323594,3978.831364820821
1.039446968344225,3978.753811186863
1.0465180361560904,3978.6758374768606
1.053589103967956,3978.5974467092747
1.0606601717798212,3978.518641938128
1.0677312395916867,3978.4394262551746
1.0748023074035522,3978.3598027920434
1.0818733752154177,3978.279774717149
1.0889444430272832,3978.199345238443
1.0960155108391487,3978.118517604097
1.1030865786510142,3978.0372951007816
1.1101576464628797,3977.955681055865
1.117228714274745,3977.873678836142
1.1242997820866105,3977.7912918500465
1.131370849898476,3977.7085235461577
1.1384419177103415,3977.6253774149836
1.145512985522207,3977.5418569877816
1.1525840533340725,3977.4579658379566
1.159655121145938,3977.373707582773
1.1667261889578033,3977.289085878312
1.1737972567696688,3977.204104426411
1.1808683245815343,3977.1187669696574
1.1879393923933999,3977.033077296391
1.1950104602052654,3976.947039236711
1.2020815280171309,3976.8606566633753
1.2091525958289964,3976.7739334953103
1.2162236636408617,3976.6868736951874
1.2232947314527272,3976.599481268395
1.2303657992645927,3976.5117602671417
1.2374368670764582,3976.423714787385
1.2445079348883237,3976.335348970571
1.2515790027001892,3976.246667002629
1.2586500705120547,3976.157673115172
1.2657211383239202,3976.0683715866476
1.2727922061357855,3975.9787667399055
1.279863273947651,3975.888862944281
1.2869343417595165,3975.7986646150985
1.294005409571382,3975.708176214708
1.3010764773832475,3975.6174022502382
1.308147545195113,3975.5263472777538
1.3152186130069785,3975.435015898108
1.3222896808188438,3975.3434127592336
1.3293607486307093,3975.2515425576344
1.3364318164425748,3975.159410034704
1.3435028842544403,3975.0670199803617
1.3505739520663058,3974.9743772309707
1.3576450198781713,3974.8814866707953
1.3647160876900368,3974.7883532314904
1.3717871555019021,3974.6949818915004
1.3788582233137676,3974.601377677563
1.3859292911256331,3974.507545663162
1.3930003589374986,3974.413490970395
1.4000714267493641,3974.31921876739
1.4071424945612296,3974.2247342713226
1.4142135623730951,3974.1300427462884
0,3985.320674250813
0.007071067811865475,3985.3209757144778
0.01414213562373095,3985.321882848709
0.021213203435596427,3985.3234038552987
0.0282842712474619,3985.325552336707
0.035355339059327376,3985.328347180638
0.042426406871192854,3985.331812404572
0.049497474683058325,3985.3359769391373
0.0565685424949238,3985.340874356234
0.06363961030678927,3985.3465425319255
0.07071067811865475,3985.3530232275493
0.07778174593052023,3985.360361631949
0.08485281374238571,3985.3686057886666
0.09192388155425119,3985.3778059694528
0.09899494936611665,3985.388014032113
0.10606601717798213,3985.399282647702
0.1131370849898476,3985.4116645716626
0.12020815280171308,3985.4252118647537
0.12727922061357855,3985.43997514065
0.13435028842544403,3985.4560028518003
0.1414213562373095,3985.4733406392556
0.14849242404917498,3985.4920307701414
0.15556349186104046,3985.512111677422
0.16263455967290594,3985.5336176183855
0.16970562748477142,3985.556578456603
0.1767766952966369,3985.5810195654612
0.18384776310850237,3985.606961846859
0.19091883092036782,3985.634421853279
0.1979898987322333,3985.663411996628
0.20506096654409878,3985.6939408271837
0.21213203435596426,3985.726013358629
0.21920310216782973,3985.7596314284765
0.2262741699796952,3985.794794069203
0.2333452377915607,3985.8314978816047
0.24041630560342617,3985.869737396551
0.24748737341529164,3985.9095054145537
0.2545584412271571,3985.950793320666
0.2616295090390226,3985.993591369259
0.26870057685088805,3986.0378889350563
0.27577164466275356,3986.0836747334524
0.282842712474619,3986.1309370107583
0.2899137802864845,3986.1796637032867
0.29698484809834996,3986.229842570339
0.3040559159102154,3986.2814613047394
0.3111269837220809,3986.334507619398
0.31819805153394637,3986.3889693186743
0.3252691193458119,3986.4448343505287
0.3323401871576773,3986.5020908477636
0.33941125496954283,3986.5607271562576
0.3464823227814083,3986.620731856299
0.3535533905932738,3986.6820937718135
0.36062445840513924,3986.7448019788408
0.36769552621700474,3986.808845804977
0.3747665940288702,3986.874214826465
0.38183766184073564,3986.9408988627742
0.38890872965260115,3987.008887967552
0.3959797974644666,3987.0781724196886
0.4030508652763321,3987.148742711039
0.41012193308819755,3987.2205895358525
0.41719300090006306,3987.293703777507
0.4242640687119285,3987.368076496595
0.431335136523794,3987.443698918755
0.43840620433565947,3987.5205624215887
0.44547727214752497,3987.5986585237206
0.4525483399593904,3987.6779788724452
0.4596194077712559,3987.758515232591
0.4666904755831214,3987.840259477274
0.47376154339498683,3987.92320357587
0.48083261120685233,3988.0073395849763
0.4879036790187178,3988.0926596400664
0.4949747468305833,3988.179155946731
0.5020458146424488,3988.26682077112
0.5091168824543142,3988.3556464346034
0.5161879502661797,3988.445625305233
0.5232590180780452,3988.536749791048
0.5303300858899106,3988.6290123348676
0.5374011537017761,3988.722405407735
0.5444722215136416,3988.816921503765
0.5515432893255071,3988.9125531346453
0.5586143571373725,3989.0092928260365
0.565685424949238,3989.107133112458
0.5727564927611035,3989.2060665329655
0.579827560572969,3989.3060856285992
0.5868986283848344,3989.407182937777
0.5939696961966999,3989.509350993869
0.6010407640085654,3989.6125823219922
0.6081118318204308,3989.7168694355155
0.6151828996322963,3989.822204835543
0.6222539674441618,3989.92858100653
0.6293250352560273,3990.035990415326
0.6363961030678927,3990.144425509134
0.6434671708797582,3990.253878712139
0.6505382386916237,3990.364342427785
0.6576093065034893,3990.4758090325963
0.6646803743153546,3990.588270877974
0.6717514421272202,3990.7017202868096
0.6788225099390857,3990.8161495563254
0.6858935777509511,3990.931550950917
0.6929646455628166,3991.0479167065573
0.7000357133746821,3991.165239027597
0.7071067811865476,3991.283510086352
0.714177848998413,3991.4027220233743
0.7212489168102785,3991.5228669446296
0.728319984622144,3991.6439369236264
0.7353910524340095,3991.7659239999593
0.7424621202458749,3991.8888201785085
0.7495331880577404,3992.0126174289685
0.7566042558696059,3992.137307688142
0.7636753236814713,3992.262882854583
0.7707463914933368,3992.3893347951866
0.7778174593052023,3992.5166553397103
0.7848885271170678,3992.64483628129
0.7919595949289332,3992.7738693809406
0.7990306627407987,3992.903746363277
0.8061017305526642,3993.034458914446
0.8131727983645297,3993.165998692576
0.8202438661763951,3993.298357314508
0.8273149339882606,3993.431526363703
0.8343860018001261,3993.565497392564
0.8414570696119915,3993.7002619154828
0.848528137423857,3993.8358114150087
0.8555992052357225,3993.9721373375824
0.862670273047588,3994.109231100128
0.8697413408594534,3994.247084083895
0.8768124086713189,3994.38568763815
0.8838834764831844,3994.5250330797885
0.8909545442950499,3994.6651116939097
0.8980256121069153,3994.805914734499
0.9050966799187808,3994.947433424725
0.9121677477306463,3995.0896589567133
0.9192388155425117,3995.2325824930736
0.9263098833543773,3995.376195166574
0.9333809511662428,3995.520488081279
0.9404520189781083,3995.6654523128936
0.9475230867899737,3995.811078908869
0.9545941546018392,3995.957358889594
0.9616652224137047,3996.1042832487587
0.9687362902255702,3996.251842953344
0.9758073580374356,3996.4000289455375
0.9828784258493011,3996.548832141687
0.9899494936611666,3996.6982434345264
0.997020561473032,3996.8482536925953
1.0040916292848976,3996.9988537615686
1.0111626970967629,3997.1500344644055
1.0182337649086284,3997.3017866028795
1.0253048327204939,3997.4541009570926
1.0323759005323594,3997.6069682870416
1.039446968344225,3997.7603793335556
1.0465180361560904,3997.9143248162604
1.053589103967956,3998.0687954396744
1.0606601717798212,3998.2237818886306
1.0677312395916867,3998.3792748316573
1.0748023074035522,3998.53526492137
1.0818733752154177,3998.6917427950893
1.0889444430272832,3998.8486990752485
1.0960155108391487,3999.0061243705936
1.1030865786510142,3999.1640092773537
1.1101576464628797,3999.322344378693
1.117228714274745,3999.481120247285
1.1242997820866105,3999.6403274442027
1.131370849898476,3999.799956521601
1.1384419177103415,3999.9599980218263
1.145512985522207,4000.120442480362
1.1525840533340725,4000.2812804240316
1.159655121145938,4000.4425023738086
1.1667261889578033,4000.604098845664
1.1737972567696688,4000.766060349416
1.1808683245815343,4000.9283773924994
1.1879393923933999,4001.091040479132
1.1950104602052654,4001.2540401108213
1.2020815280171309,4001.4173667883524
1.2091525958289964,4001.5810110126317
1.2162236636408617,4001.7449632844987
1.2232947314527272,4001.9092141076494
1.2303657992645927,4002.0737539876977
1.2374368670764582,4002.2385734332693
1.2445079348883237,4002.403662958602
1.2515790027001892,4002.569013083301
1.2586500705120547,4002.73461433306
1.2657211383239202,4002.9004572410877
1.2727922061357855,4003.066532349998
1.279863273947651,4003.232830211322
1.2869343417595165,4003.399341387315
1.294005409571382,4003.5660564517125
1.3010764773832475,4003.7329659919687
1.308147545195113,4003.900060608512
1.3152186130069785,4004.0673309169697
1.3222896808188438,4004.2347675497435
1.3293607486307093,4004.4023611550756
1.3364318164425748,4004.570102400668
1.3435028842544403,4004.7379819736366
1.3505739520663058,4004.905990581561
1.3576450198781713,4005.0741189539685
1.3647160876900368,4005.2423578435664
1.3717871555019021,4005.4106980276038
1.3788582233137676,4005.579130308751
1.3859292911256331,4005.7476455162564
1.3930003589374986,4005.9162345079994
1.4000714267493641,4006.084888171957
1.4071424945612296,4006.253597425295
1.4142135623730951,4006.4223532188257
0,5322.934784370181
0.007071067811865475,5322.934856118024
0.01414213562373095,5322.935071360597
0.021213203435596427,5322.935430118414
0.0282842712474619,5322.935932422756
0.035355339059327376,5322.936578319185
0.042426406871192854,5322.937367858937
0.049497474683058325,5322.938301115363
0.0565685424949238,5322.9393781641775
0.06363961030678927,5322.940599096643
0.07071067811865475,5322.941964031865
0.07778174593052023,5322.943473068165
0.08485281374238571,5322.945126345186
0.09192388155425119,5322.946924007423
0.09899494936611665,5322.948866202968
0.10606601717798213,5322.9509531028325
0.1131370849898476,5322.953184885033
0.12020815280171308,5322.955561740012
0.12727922061357855,5322.958083873782
0.13435028842544403,5322.960751500367
0.1414213562373095,5322.963564848389
0.14849242404917498,5322.9665241583025
0.15556349186104046,5322.9696296838765
0.16263455967290594,5322.97288168854
0.16970562748477142,5322.976280450783
0.1767766952966369,5322.9798262584345
0.18384776310850237,5322.983519414199
0.19091883092036782,5322.987360230693
0.1979898987322333,5322.9913490349045
0.20506096654409878,5322.99548616351
0.21213203435596426,5322.999771966983
0.21920310216782973,5323.004206806909
0.2262741699796952,5323.008791057615
0.2333452377915607,5323.013525104829
0.24041630560342617,5323.018409346773
0.24748737341529164,5323.023444193123
0.2545584412271571,5323.028630065892
0.2616295090390226,5323.033967398977
0.26870057685088805,5323.039456637495
0.27577164466275356,5323.045098239664
0.282842712474619,5323.050892673491
0.2899137802864845,5323.056840421585
0.29698484809834996,5323.062941975489
0.3040559159102154,5323.069197839958
0.3111269837220809,5323.075608531456
0.31819805153394637,5323.082174577209
0.3252691193458119,5323.088896516929
0.3323401871576773,5323.095774901162
0.33941125496954283,5323.102810292457
0.3464823227814083,5323.110003264509
0.3535533905932738,5323.117354402482
0.36062445840513924,5323.124864303505
0.36769552621700474,5323.132533574813
0.3747665940288702,5323.140362835325
0.38183766184073564,5323.148352715923
0.38890872965260115,5323.156503858372
0.3959797974644666,5323.164816915031
0.4030508652763321,5323.173292549438
0.41012193308819755,5323.181931436223
0.41719300090006306,5323.190734261526
0.4242640687119285,5323.199701721614
0.431335136523794,5323.208834523893
0.43840620433565947,5323.2181333861345
0.44547727214752497,5323.2275990374965
0.4525483399593904,5323.237232216583
0.4596194077712559,5323.247033674674
0.4666904755831214,5323.257004170762
0.47376154339498683,5323.267144476604
0.48083261120685233,5323.277455373463
0.4879036790187178,5323.287937652274
0.4949747468305833,5323.298592114387
0.5020458146424488,5323.309419571911
0.5091168824543142,5323.3204208467205
0.5161879502661797,5323.331596770372
0.5232590180780452,5323.3429481834955
0.5303300858899106,5323.3544759386195
0.5374011537017761,5323.366180896205
0.5444722215136416,5323.3780639258675
0.5515432893255071,5323.390125908604
0.5586143571373725,5323.402367733532
0.565685424949238,5323.414790299175
0.5727564927611035,5323.427394513184
0.579827560572969,5323.440181293161
0.5868986283848344,5323.4531515643885
0.5939696961966999,5323.466306262061
0.6010407640085654,5323.47964632977
0.6081118318204308,5323.493172189396
0.6151828996322963,5323.506885864527
0.6222539674441618,5323.520787790663
0.6293250352560273,5323.5348789456975
0.6363961030678927,5323.549160314302
0.6434671708797582,5323.563632889543
0.6505382386916237,5323.578297672913
0.6576093065034893,5323.593155673002
0.6646803743153546,5323.608207905615
0.6717514421272202,5323.623455394781
0.6788225099390857,5323.638899170847
0.6858935777509511,5323.6545402724405
0.6929646455628166,5323.67037974434
0.7000357133746821,5323.6864186378625
0.7071067811865476,5323.702658011962
0.714177848998413,5323.719098931061
0.7212489168102785,5323.735742466051
0.728319984622144,5323.752589694911
0.7353910524340095,5323.7696417002735
0.7424621202458749,5323.786899571131
0.7495331880577404,5323.804364401874
0.7566042558696059,5323.82203729215
0.7636753236814713,5323.839919346853
0.7707463914933368,5323.858011676795
0.7778174593052023,5323.87631539636
0.7848885271170678,5323.894831624171
0.7919595949289332,5323.91356148479
0.7990306627407987,5323.9325061058
0.8061017305526642,5323.95166661847
0.8131727983645297,5323.971044158695
0.8202438661763951,5323.9906398654375
0.8273149339882606,5324.010454880194
0.8343860018001261,5324.030490348371
0.8414570696119915,5324.05074741761
0.848528137423857,5324.0712272385545
0.8555992052357225,5324.091930963226
0.862670273047588,5324.112859746247
0.8697413408594534,5324.134014743908
0.8768124086713189,5324.155397113483
0.8838834764831844,5324.177008014233
0.8909545442950499,5324.198848604777
0.8980256121069153,5324.220920045977
0.9050966799187808,5324.243223498539
0.9121677477306463,5324.265760121867
0.9192388155425117,5324.288531076907
0.9263098833543773,5324.3115375224625
0.9333809511662428,5324.334780617645
0.9404520189781083,5324.358261518956
0.9475230867899737,5324.381981382621
0.9545941546018392,5324.405941361913
0.9616652224137047,5324.430142608246
0.9687362902255702,5324.454586270126
0.9758073580374356,5324.479273493932
0.9828784258493011,5324.504205421278
0.9899494936611666,5324.5293831910485
0.997020561473032,5324.554807937647
1.0040916292848976,5324.580480791577
1.0111626970967629,5324.606402877932
1.0182337649086284,5324.632575316155
1.0253048327204939,5324.658999220796
1.0323759005323594,5324.685675699895
1.039446968344225,5324.712605855303
1.0465180361560904,5324.739790781726
1.053589103967956,5324.767231566455
1.0606601717798212,5324.7949292890635
1.0677312395916867,5324.822885021245
1.0748023074035522,5324.851099826049
1.0818733752154177,5324.879574757283
1.0889444430272832,5324.908310858782
1.0960155108391487,5324.937309165248
1.1030865786510142,5324.966570699572
1.1101576464628797,5324.996096474472
1.117228714274745,5325.025887491195
1.1242997820866105,5325.05594473856
1.131370849898476,5325.086269193217
1.1384419177103415,5325.116861818083
1.145512985522207,5325.147723563642
1.1525840533340725,5325.1788553653505
1.159655121145938,5325.21025814498
1.1667261889578033,5325.241932808034
1.1737972567696688,5325.273880244983
1.1808683245815343,5325.306101330096
1.1879393923933999,5325.338596920463
1.1950104602052654,5325.371367856079
1.2020815280171309,5325.404414958822
1.2091525958289964,5325.437739031951
1.2162236636408617,5325.47134085988
1.2232947314527272,5325.505221206544
1.2303657992645927,5325.539380813942
1.2374368670764582,5325.573820409378
1.2445079348883237,5325.608540692667
1.2515790027001892,5325.64354234344
1.2586500705120547,5325.678826017949
1.2657211383239202,5325.714392349804
1.2727922061357855,5325.750241947567
1.279863273947651,5325.786375395785
1.2869343417595165,5325.8227932533655
1.294005409571382,5325.859496053001
1.3010764773832475,5325.8964843009235
1.308147545195113,5325.933758476233
1.3152186130069785,5325.971319029545
1.3222896808188438,5326.009166382986
1.3293607486307093,5326.047300929252
1.3364318164425748,5326.0857230311985
1.3435028842544403,5326.124433020737
1.3505739520663058,5326.163431198422
1.3576450198781713,5326.202717833082
1.3647160876900368,5326.242293160126
1.3717871555019021,5326.282157382309
1.3788582233137676,5326.3223106680525
1.3859292911256331,5326.362753149393
1.3930003589374986,5326.403484924894
1.4000714267493641,5326.444506057437
1.4071424945612296,5326.485816570614
1.4142135623730951,5326.527416450251
0,5334.8861347984885
0.007071067811865475,5334.8860582251655
0.01414213562373095,5334.885828512734
0.021213203435596427,5334.885445690851
0.0282842712474619,5334.8849098065875
0.035355339059327376,5334.8842209256345
0.042426406871192854,5334.8833791343495
0.049497474683058325,5334.882384535376
0.0565685424949238,5334.881237251112
0.06363961030678927,5334.879937425139
0.07071067811865475,5334.878485215656
0.07778174593052023,5334.876880805523
0.08485281374238571,5334.875124387618
0.09192388155425119,5334.8732161848175
0.09899494936611665,5334.871156431918
0.10606601717798213,5334.8689453818715
0.1131370849898476,5334.866583309936
0.12020815280171308,5334.864070510266
0.12727922061357855,5334.861407292993
0.13435028842544403,5334.858593989718
0.1414213562373095,5334.855630950724
0.14849242404917498,5334.852518543889
0.15556349186104046,5334.849257155707
0.16263455967290594,5334.845847194089
0.16970562748477142,5334.842289083987
0.1767766952966369,5334.838583269984
0.18384776310850237,5334.834730214712
0.19091883092036782,5334.830730400823
0.1979898987322333,5334.826584328847
0.20506096654409878,5334.82229251988
0.21213203435596426,5334.817855512344
0.21920310216782973,5334.813273863947
0.2262741699796952,5334.808548152482
0.2333452377915607,5334.803678973359
0.24041630560342617,5334.798666941425
0.24748737341529164,5334.793512690919
0.2545584412271571,5334.7882168748365
0.2616295090390226,5334.782780164555
0.26870057685088805,5334.777203251609
0.27577164466275356,5334.771486845046
0.282842712474619,5334.765631675349
0.2899137802864845,5334.759638488867
0.29698484809834996,5334.7535080535845
0.3040559159102154,5334.747241155417
0.3111269837220809,5334.740838599366
0.31819805153394637,5334.734301209783
0.3252691193458119,5334.727629829677
0.3323401871576773,5334.720825321956
0.33941125496954283,5334.7138885680415
0.3464823227814083,5334.706820468369
0.3535533905932738,5334.699621942856
0.36062445840513924,5334.692293929726
0.36769552621700474,5334.684837388005
0.3747665940288702,5334.677253294927
0.38183766184073564,5334.669542646586
0.38890872965260115,5334.661706458563
0.3959797974644666,5334.653745765832
0.4030508652763321,5334.6456616228015
0.41012193308819755,5334.637455102784
0.41719300090006306,5334.629127298052
0.4242640687119285,5334.620679321139
0.431335136523794,5334.6121123031035
0.43840620433565947,5334.603427394271
0.44547727214752497,5334.594625765606
0.4525483399593904,5334.585708606023
0.4596194077712559,5334.576677124069
0.4666904755831214,5334.567532548807
0.47376154339498683,5334.558276127341
0.48083261120685233,5334.54890912687
0.4879036790187178,5334.539432834711
0.4949747468305833,5334.529848557158
0.5020458146424488,5334.520157620026
0.5091168824543142,5334.51036136894
0.5161879502661797,5334.500461168438
0.5232590180780452,5334.49045840489
0.5303300858899106,5334.480354481519
0.5374011537017761,5334.470150823317
0.5444722215136416,5334.459848874762
0.5515432893255071,5334.449450099413
0.5586143571373725,5334.438955981051
0.565685424949238,5334.428368023841
0.5727564927611035,5334.417687751245
0.579827560572969,5334.4069167071
0.5868986283848344,5334.396056455084
0.5939696961966999,5334.385108578258
0.6010407640085654,5334.374074680936
0.6081118318204308,5334.3629569827535
0.6151828996322963,5334.351755932098
0.6222539674441618,5334.340473794829
0.6293250352560273,5334.329112255524
0.6363961030678927,5334.317673019819
0.6434671708797582,5334.306157813812
0.6505382386916237,5334.294568384243
0.6576093065034893,5334.282906498313
0.6646803743153546,5334.271173944249
0.6717514421272202,5334.259372530449
0.6788225099390857,5334.247504086673
0.6858935777509511,5334.235570463603
0.6929646455628166,5334.223573532214
0.7000357133746821,5334.211515185271
0.7071067811865476,5334.19939733625
0.714177848998413,5334.187221920237
0.7212489168102785,5334.174990893634
0.728319984622144,5334.162706233561
0.7353910524340095,5334.150369939027
0.7424621202458749,5334.137984031269
0.7495331880577404,5334.125550551839
0.7566042558696059,5334.1130715657
0.7636753236814713,5334.1005491584665
0.7707463914933368,5334.08798543815
0.7778174593052023,5334.075382534787
0.7848885271170678,5334.062742600911
0.7919595949289332,5334.050067811328
0.7990306627407987,5334.037360362349
0.8061017305526642,5334.0246224741595
0.8131727983645297,5334.011856389285
0.8202438661763951,5333.999064373139
0.8273149339882606,5333.986248713296
0.8343860018001261,5333.973411721332
0.8414570696119915,5333.9605557314235
0.848528137423857,5333.947683102187
0.8555992052357225,5333.934796214531
0.862670273047588,5333.921897473378
0.8697413408594534,5333.908989308371
0.8768124086713189,5333.8960741718065
0.8838834764831844,5333.883154540903
0.8909545442950499,5333.870232916819
0.8980256121069153,5333.857311826435
0.9050966799187808,5333.844393819756
0.9121677477306463,5333.831481472476
0.9192388155425117,5333.818577385203
0.9263098833543773,5333.8056841836715
0.9333809511662428,5333.792804519476
0.9404520189781083,5333.779941069246
0.9475230867899737,5333.76709653614
0.9545941546018392,5333.754273648749
0.9616652224137047,5333.741475162486
0.9687362902255702,5333.728703859058
0.9758073580374356,5333.715962546764
0.9828784258493011,5333.703254061662
0.9899494936611666,5333.690581265919
0.997020561473032,5333.677947049936
1.0040916292848976,5333.665354331759
1.0111626970967629,5333.6528060572555
1.0182337649086284,5333.640305200435
1.0253048327204939,5333.62785476411
1.0323759005323594,5333.615457780473
1.039446968344225,5333.603117309285
1.0465180361560904,5333.590836441138
1.053589103967956,5333.5786182955435
1.0606601717798212,5333.56646602228
1.0677312395916867,5333.554382800916
1.0748023074035522,5333.542371842616
1.0818733752154177,5333.530436388251
1.0889444430272832,5333.518579711222
1.0960155108391487,5333.506805115513
1.1030865786510142,5333.495115937718
1.1101576464628797,5333.483515546917
1.117228714274745,5333.472007344175
1.1242997820866105,5333.460594764461
1.131370849898476,5333.449281275582
1.1384419177103415,5333.438070378939
1.145512985522207,5333.426965611194
1.1525840533340725,5333.41597054304
1.159655121145938,5333.405088779591
1.1667261889578033,5333.39432396257
1.1737972567696688,5333.3836797684535
1.1808683245815343,5333.373159911354
1.1879393923933999,5333.362768140657
1.1950104602052654,5333.352508244178
1.2020815280171309,5333.342384047132
1.2091525958289964,5333.332399412091
1.2162236636408617,5333.322558241266
1.2232947314527272,5333.31286447546
1.2303657992645927,5333.303322077124
1.2374368670764582,5333.2939351043715
1.2445079348883237,5333.284707599408
1.2515790027001892,5333.27564366452
1.2586500705120547,5333.266747443762
1.2657211383239202,5333.258023123632
1.2727922061357855,5333.24947493354
1.279863273947651,5333.241107145673
1.2869343417595165,5333.232924075953
1.294005409571382,5333.224930085853
1.3010764773832475,5333.217129581286
1.308147545195113,5333.209527013546
1.3152186130069785,5333.202126880315
1.3222896808188438,5333.194933726363
1.3293607486307093,5333.187952143906
1.3364318164425748,5333.181186772947
1.3435028842544403,5333.174642302718
1.3505739520663058,5333.168323470688
1.3576450198781713,5333.162235065847
1.3647160876900368,5333.156381926623
1.3717871555019021,5333.150768943442
1.3788582233137676,5333.145401058361
1.3859292911256331,5333.140283266322
1.3930003589374986,5333.135420616502
1.4000714267493641,5333.130818210837
1.4071424945612296,5333.126481205065
1.4142135623730951,5333.122414811467
0,6020.418402774124
0.007071067811865475,6020.418394819273
0.01414213562373095,6020.418371158896
0.021213203435596427,6020.418331348815
0.0282842712474619,6020.418275835537
0.035355339059327376,6020.418204475147
0.042426406871192854,6020.418117269814
0.049497474683058325,6020.418014223952
0.0565685424949238,6020.417895345163
0.06363961030678927,6020.417760637882
0.07071067811865475,6020.41761011241
0.07778174593052023,6020.4174439525095
0.08485281374238571,6020.417261638381
0.09192388155425119,6020.4170637074185
0.09899494936611665,6020.416849998293
0.10606601717798213,6020.416620524754
0.1131370849898476,6020.4163752971945
0.12020815280171308,6020.416114330981
0.12727922061357855,6020.415837826741
0.13435028842544403,6020.41554524675
0.1414213562373095,6020.415237162302
0.14849242404917498,6020.414913407118
0.15556349186104046,6020.41457400125
0.16263455967290594,6020.41421896449
0.16970562748477142,6020.413848318329
0.1767766952966369,6020.413462289891
0.18384776310850237,6020.413060288747
0.19091883092036782,6020.412642953423
0.1979898987322333,6020.412210104265
0.20506096654409878,6020.411761985443
0.21213203435596426,6020.411298193206
0.21920310216782973,6020.410818746881
0.2262741699796952,6020.410324119321
0.2333452377915607,6020.409814121198
0.24041630560342617,6020.4092887841825
0.24748737341529164,6020.408748141409
0.2545584412271571,6020.4081922264295
0.2616295090390226,6020.407621074709
0.26870057685088805,6020.407034722324
0.27577164466275356,6020.406433205749
0.282842712474619,6020.405816563313
0.2899137802864845,6020.405184834485
0.29698484809834996,6020.40453805988
0.3040559159102154,6020.403876279211
0.3111269837220809,6020.4031998037
0.31819805153394637,6020.402508142918
0.3252691193458119,6020.4018013311015
0.3323401871576773,6020.4010799575335
0.33941125496954283,6020.400343796128
0.3464823227814083,6020.3995931754425
0.3535533905932738,6020.398827292509
0.36062445840513924,6020.398047330056
0.36769552621700474,6020.397252478474
0.3747665940288702,6020.396442777176
0.38183766184073564,6020.395618855453
0.38890872965260115,6020.3947804703375
0.3959797974644666,6020.393927668514
0.4030508652763321,6020.39306049591
0.41012193308819755,6020.392178999065
0.41719300090006306,6020.39128322394
0.4242640687119285,6020.390373215266
0.431335136523794,6020.389449322651
0.43840620433565947,6020.388510677665
0.44547727214752497,6020.387558541083
0.4525483399593904,6020.386591734857
0.4596194077712559,6020.385611523517
0.4666904755831214,6020.384616722452
0.47376154339498683,6020.383608288987
0.48083261120685233,6020.382586260147
0.4879036790187178,6020.381550058552
0.4949747468305833,6020.380499718453
0.5020458146424488,6020.379435881342
0.5091168824543142,6020.378358571447
0.5161879502661797,6020.377267206658
0.5232590180780452,6020.376161813066
0.5303300858899106,6020.375043006401
0.5374011537017761,6020.373910790279
0.5444722215136416,6020.372764292955
0.5515432893255071,6020.371604393165
0.5586143571373725,6020.370430792744
0.565685424949238,6020.369243753477
0.5727564927611035,6020.368042456411
0.579827560572969,6020.3668279673475
0.5868986283848344,6020.365599550035
0.5939696961966999,6020.364357608402
0.6010407640085654,6020.363102483418
0.6081118318204308,6020.361363677537
0.6151828996322963,6020.360089117581
0.6222539674441618,6020.358802127032
0.6293250352560273,6020.357502783187
0.6363961030678927,6020.356191163933
0.6434671708797582,6020.354867347709
0.6505382386916237,6020.3535314127475
0.6576093065034893,6020.3521834392095
0.6646803743153546,6020.350823507747
0.6717514421272202,6020.3494516981855
0.6788225099390857,6020.348068092147
0.6858935777509511,6020.346672772694
0.6929646455628166,6020.345265823178
0.7000357133746821,6020.343847327672
0.7071067811865476,6020.342417372364
0.714177848998413,6020.3409760432005
0.7212489168102785,6020.339523426389
0.728319984622144,6020.3380596120205
0.7353910524340095,6020.336584683564
0.7424621202458749,6020.335098730884
0.7495331880577404,6020.333601841311
0.7566042558696059,6020.332094110618
0.7636753236814713,6020.330575621301
0.7707463914933368,6020.329046463521
0.7778174593052023,6020.327506736019
0.7848885271170678,6020.325956522154
0.7919595949289332,6020.32439591557
0.7990306627407987,6020.32282500904
0.8061017305526642,6020.3212438949095
0.8131727983645297,6020.3196526657675
0.8202438661763951,6020.318051411027
0.8273149339882606,6020.316440233602
0.8343860018001261,6020.314819227418
0.8414570696119915,6020.3131884783
0.848528137423857,6020.311548081128
0.8555992052357225,6020.3098981457515
0.862670273047588,6020.308238754888
0.8697413408594534,6020.306570005167
0.8768124086713189,6020.304892004515
0.8838834764831844,6020.3032048518435
0.8909545442950499,6020.301508636421
0.8980256121069153,6020.299803459179
0.9050966799187808,6020.298089435425
0.9121677477306463,6020.2963666519045
0.9192388155425117,6020.294635216734
0.9263098833543773,6020.292895230927
0.9333809511662428,6020.2911467940885
0.9404520189781083,6020.289390017224
0.9475230867899737,6020.287625001544
0.9545941546018392,6020.285851844483
0.9616652224137047,6020.284070652559
0.9687362902255702,6020.282281530997
0.9758073580374356,6020.280484580627
0.9828784258493011,6020.278679913536
0.9899494936611666,6020.276867622776
0.997020561473032,6020.275047812497
1.0040916292848976,6020.2732205840775
1.0111626970967629,6020.27138602893
1.0182337649086284,6020.269544233125
1.0253048327204939,6020.267695274334
1.0323759005323594,6020.265839222392
1.039446968344225,6020.263976155677
1.0465180361560904,6020.262106193429
1.053589103967956,6020.260229505532
1.0606601717798212,6020.258346307411
1.0677312395916867,6020.256456812305
1.0748023074035522,6020.254561184943
1.0818733752154177,6020.252659505602
1.0889444430272832,6020.2507518102875
1.0960155108391487,6020.248838134927
1.1030865786510142,6020.2469185281325
1.1101576464628797,6020.24499305772
1.117228714274745,6020.243061825252
1.1242997820866105,6020.241124938428
1.131370849898476,6020.2391825307295
1.1384419177103415,6020.237234714384
1.145512985522207,6020.235281625598
1.1525840533340725,6020.233323392523
1.159655121145938,6020.231360179653
1.1667261889578033,6020.229392104938
1.1737972567696688,6020.227419365466
1.1808683245815343,6020.225442096947
1.1879393923933999,6020.223460483993
1.1950104602052654,6020.221474702711
1.2020815280171309,6020.219484927397
1.2091525958289964,6020.217491296854
1.2162236636408617,6020.215494022322
1.2232947314527272,6020.213493133881
1.2303657992645927,6020.211515226494
1.2374368670764582,6020.209505854583
1.2445079348883237,6020.207492862458
1.2515790027001892,6020.205476372098
1.2586500705120547,6020.203456506532
1.2657211383239202,6020.201433389448
1.2727922061357855,6020.199407137187
1.279863273947651,6020.197377899976
1.2869343417595165,6020.195345775444
1.294005409571382,6020.193310895723
1.3010764773832475,6020.191273374036
1.308147545195113,6020.189233355535
1.3152186130069785,6020.187190925917
1.3222896808188438,6020.185146231818
1.3293607486307093,6020.183099357322
1.3364318164425748,6020.181050440184
1.3435028842544403,6020.178999566952
1.3505739520663058,6020.1769468453085
1.3576450198781713,6020.174892367798
1.3647160876900368,6020.172836230599
1.3717871555019021,6020.170778490765
1.3788582233137676,6020.168719179401
1.3859292911256331,6020.166658146271
1.3930003589374986,6020.164594937623
1.4000714267493641,6020.162530051896
1.4071424945612296,6020.160463972366
1.4142135623730951,6020.158396753271
0,6086.736320277119
0.007071067811865475,6086.736320537403
0.01414213562373095,6086.736320645021
0.021213203435596427,6086.736320774409
0.0282842712474619,6086.73632088096
0.035355339059327376,6086.736320978116
0.042426406871192854,6086.736321069639
0.049497474683058325,6086.736321152786
0.0565685424949238,6086.736321231408
0.06363961030678927,6086.736321300918
0.07071067811865475,6086.736321369945
0.07778174593052023,6086.736321425106
0.08485281374238571,6086.736321487017
0.09192388155425119,6086.736321541501
0.09899494936611665,6086.736321591908
0.10606601717798213,6086.736321637808
0.1131370849898476,6086.736321682833
0.12020815280171308,6086.7363217249995
0.12727922061357855,6086.736321754676
0.13435028842544403,6086.736321806004
0.1414213562373095,6086.736321845144
0.14849242404917498,6086.736321884227
0.15556349186104046,6086.736321924083
0.16263455967290594,6086.736321964151
0.16970562748477142,6086.736322005916
0.1767766952966369,6086.736322038391
0.18384776310850237,6086.73632209478
0.19091883092036782,6086.736322142793
0.1979898987322333,6086.73632219401
0.20506096654409878,6086.7363222371105
0.21213203435596426,6086.736322294804
0.21920310216782973,6086.736322367476
0.2262741699796952,6086.736322433464
0.2333452377915607,6086.73632250378
0.24041630560342617,6086.73632257866
0.24748737341529164,6086.736322658034
0.2545584412271571,6086.736322742412
0.2616295090390226,6086.736322831168
0.26870057685088805,6086.736322924239
0.27577164466275356,6086.736323022069
0.282842712474619,6086.736323124156
0.2899137802864845,6086.736323229573
0.29698484809834996,6086.736323338089
0.3040559159102154,6086.73632344997
0.3111269837220809,6086.736323547624
0.31819805153394637,6086.736323662292
0.3252691193458119,6086.736323794638
0.3323401871576773,6086.736323910623
0.33941125496954283,6086.736324025238
0.3464823227814083,6086.736324118164
0.3535533905932738,6086.7363242473775
0.36062445840513924,6086.7363243314685
0.36769552621700474,6086.736324430296
0.3747665940288702,6086.736324545822
0.38183766184073564,6086.736324631938
0.38890872965260115,6086.736324708817
0.3959797974644666,6086.736324775646
0.4030508652763321,6086.736324831604
0.41012193308819755,6086.7363248750635
0.41719300090006306,6086.73632490536
0.4242640687119285,6086.736324921427
0.431335136523794,6086.736324890587
0.43840620433565947,6086.736324906104
0.44547727214752497,6086.736324840214
0.4525483399593904,6086.736324823791
0.4596194077712559,6086.736324719554
0.4666904755831214,6086.736324668713
0.47376154339498683,6086.736324563422
0.48083261120685233,6086.736324399771
0.4879036790187178,6086.736324255632
0.4949747468305833,6086.736324135186
0.5020458146424488,6086.736323955664
0.5091168824543142,6086.736323714269
0.5161879502661797,6086.736323499546
0.5232590180780452,6086.736323314635
0.5303300858899106,6086.73632307029
0.5374011537017761,6086.736322766107
0.5444722215136416,6086.736322546276
0.5515432893255071,6086.736322272989
0.5586143571373725,6086.736321999504
0.565685424949238,6086.736321687452
0.5727564927611035,6086.736321487532
0.579827560572969,6086.736321232924
0.5868986283848344,6086.736321075805
0.5939696961966999,6086.736320985133
0.6010407640085654,6086.736320955492
0.6081118318204308,6086.736355996701
0.6151828996322963,6086.736355851687
0.6222539674441618,6086.736355704488
0.6293250352560273,6086.736355555111
0.6363961030678927,6086.736355404255
0.6434671708797582,6086.736355251134
0.6505382386916237,6086.736355095047
0.6576093065034893,6086.7363549369375
0.6646803743153546,6086.736354775963
0.6717514421272202,6086.736354610751
0.6788225099390857,6086.7363544423415
0.6858935777509511,6086.736354269939
0.6929646455628166,6086.736354093558
0.7000357133746821,6086.736353912577
0.7071067811865476,6086.736353728772
0.714177848998413,6086.736353541943
0.7212489168102785,6086.736353351865
0.728319984622144,6086.7363531594665
0.7353910524340095,6086.736352963607
0.7424621202458749,6086.736352765204
0.7495331880577404,6086.73635256283
0.7566042558696059,6086.736352358349
0.7636753236814713,6086.7363521507295
0.7707463914933368,6086.7363519390765
0.7778174593052023,6086.736351725312
0.7848885271170678,6086.736351507078
0.7919595949289332,6086.736351286129
0.7990306627407987,6086.736351061196
0.8061017305526642,6086.736350832615
0.8131727983645297,6086.73635060054
0.8202438661763951,6086.736350364764
0.8273149339882606,6086.736350125089
0.8343860018001261,6086.736349881914
0.8414570696119915,6086.736349635086
0.848528137423857,6086.736349385042
0.8555992052357225,6086.736349131951
0.862670273047588,6086.7363488751425
0.8697413408594534,6086.736348615316
0.8768124086713189,6086.7363483520085
0.8838834764831844,6086.736348084809
0.8909545442950499,6086.736347814774
0.8980256121069153,6086.736347542387
0.9050966799187808,6086.736347265274
0.9121677477306463,6086.736346986267
0.9192388155425117,6086.7363467045125
0.9263098833543773,6086.736346420859
0.9333809511662428,6086.736346136753
0.9404520189781083,6086.73634585046
0.9475230867899737,6086.736345562517
0.9545941546018392,6086.736345271747
0.9616652224137047,6086.73634497535
0.9687362902255702,6086.73634467341
0.9758073580374356,6086.736344368286
0.9828784258493011,6086.73634405864
0.9899494936611666,6086.736343743619
0.997020561473032,6086.736343415611
1.0040916292848976,6086.736343070886
1.0111626970967629,6086.736342701043
1.0182337649086284,6086.7363423030665
1.0253048327204939,6086.736341880794
1.0323759005323594,6086.736341458223
1.039446968344225,6086.736341101061
1.0465180361560904,6086.736340905665
1.053589103967956,6086.736341000451
1.0606601717798212,6086.7363414860865
1.0677312395916867,6086.736342374625
1.0748023074035522,6086.736343580002
1.0818733752154177,6086.736344937026
1.0889444430272832,6086.736346286645
1.0960155108391487,6086.736347510289
1.1030865786510142,6086.736348544556
1.1101576464628797,6086.7363493762405
1.117228714274745,6086.73635000548
1.1242997820866105,6086.736350447859
1.131370849898476,6086.736350691362
1.1384419177103415,6086.73635075344
1.145512985522207,6086.736350616398
1.1525840533340725,6086.736350276325
1.159655121145938,6086.736349676491
1.1667261889578033,6086.7363488474475
1.1737972567696688,6086.736347713105
1.1808683245815343,6086.736346314118
1.1879393923933999,6086.73634464272
1.1950104602052654,6086.736342725854
1.2020815280171309,6086.73634061285
1.2091525958289964,6086.736338393661
1.2162236636408617,6086.7363360840445
1.2232947314527272,6086.736333835224
1.2303657992645927,6086.736336243061
1.2374368670764582,6086.73633582294
1.2445079348883237,6086.736335370187
1.2515790027001892,6086.736334878737
1.2586500705120547,6086.736334342419
1.2657211383239202,6086.736333753753
1.2727922061357855,6086.736333102314
1.279863273947651,6086.7363323896
1.2869343417595165,6086.736331600176
1.294005409571382,6086.7363307309215
1.3010764773832475,6086.736329778321
1.308147545195113,6086.736328741331
1.3152186130069785,6086.736327624777
1.3222896808188438,6086.736326428576
1.3293607486307093,6086.736325171143
1.3364318164425748,6086.736323844718
1.3435028842544403,6086.736322467758
1.3505739520663058,6086.736321036014
1.3576450198781713,6086.736319554242
1.3647160876900368,6086.736317990138
1.3717871555019021,6086.736316396668
1.3788582233137676,6086.736314759075
1.3859292911256331,6086.736313102743
1.3930003589374986,6086.736311069451
1.4000714267493641,6086.736307769096
1.4071424945612296,6086.73630437428
1.4142135623730951,6086.736301237973
